year,champion,picks,pick_games,ban_games,pick_rate,ban_rate,banpick_rate,wins,winrate,reliable
2024,Ashe,75,75,276,15.6,57.3,72.8,40,53.3,True
2024,Kalista,80,80,266,16.6,55.2,71.8,48,60.0,True
2024,Senna,88,88,247,18.3,51.2,69.5,59,67.0,True
2024,Vi,115,115,217,23.9,45.0,68.9,65,56.5,True
2024,Sejuani,167,167,165,34.6,34.2,68.9,77,46.1,True
2024,Rumble,69,69,253,14.3,52.5,66.8,39,56.5,True
2024,K'Sante,199,199,122,41.3,25.3,66.6,109,54.8,True
2024,Maokai,127,127,184,26.3,38.2,64.5,74,58.3,True
2024,Corki,177,177,116,36.7,24.1,60.8,88,49.7,True
2024,Rell,159,159,85,33.0,17.6,50.6,82,51.6,True
2024,Azir,166,166,77,34.4,16.0,50.4,79,47.6,True
2024,Nautilus,120,120,122,24.9,25.3,50.2,56,46.7,True
2024,Taliyah,124,124,106,25.7,22.0,47.7,66,53.2,True
2024,Lucian,97,97,132,20.1,27.4,47.5,51,52.6,True
2024,Tristana,107,107,118,22.2,24.5,46.7,49,45.8,True
2024,Varus,89,89,119,18.5,24.7,43.2,44,49.4,True
2024,Zeri,149,149,59,30.9,12.2,43.2,76,51.0,True
2024,Rakan,111,111,90,23.0,18.7,41.7,52,46.8,True
2024,Renekton,85,85,108,17.6,22.4,40.0,36,42.4,True
2024,Leona,96,96,89,19.9,18.5,38.4,42,43.8,True
2024,Orianna,57,57,122,11.8,25.3,37.1,31,54.4,True
2024,Alistar,99,99,78,20.5,16.2,36.7,58,58.6,True
2024,Ezreal,95,95,82,19.7,17.0,36.7,46,48.4,True
2024,Poppy,73,73,99,15.1,20.5,35.7,35,47.9,True
2024,Lee Sin,82,82,72,17.0,14.9,32.0,38,46.3,True
2024,Aatrox,109,109,39,22.6,8.1,30.7,54,49.5,True
2024,Gnar,102,102,45,21.2,9.3,30.5,48,47.1,True
2024,Yone,73,73,66,15.1,13.7,28.8,38,52.1,True
2024,Nidalee,48,48,72,10.0,14.9,24.9,28,58.3,True
2024,Jax,68,68,45,14.1,9.3,23.4,30,44.1,True
2024,Twisted Fate,37,37,73,7.7,15.1,22.8,24,64.9,True
2024,Renata Glasc,47,47,61,9.8,12.7,22.4,22,46.8,True
2024,Viego,68,68,38,14.1,7.9,22.0,35,51.5,True
2024,Smolder,56,56,49,11.6,10.2,21.8,28,50.0,True
2024,Udyr,58,58,41,12.0,8.5,20.5,25,43.1,True
2024,LeBlanc,24,24,69,5.0,14.3,19.3,13,54.2,True
2024,Kai'Sa,59,59,31,12.2,6.4,18.7,23,39.0,True
2024,Karma,46,46,37,9.5,7.7,17.2,18,39.1,True
2024,Hwei,44,44,35,9.1,7.3,16.4,19,43.2,True
2024,Xin Zhao,57,57,22,11.8,4.6,16.4,26,45.6,True
2024,Skarner,53,53,25,11.0,5.2,16.2,30,56.6,True
2024,Ziggs,38,38,32,7.9,6.6,14.5,22,57.9,True
2024,Ivern,25,25,44,5.2,9.1,14.3,12,48.0,True
2024,Zyra,39,39,28,8.1,5.8,13.9,17,43.6,True
2024,Jayce,26,26,38,5.4,7.9,13.3,15,57.7,True
2024,Braum,29,29,34,6.0,7.1,13.1,12,41.4,True
2024,Milio,44,44,19,9.1,3.9,13.1,17,38.6,True
2024,Ahri,33,33,29,6.8,6.0,12.9,19,57.6,True
2024,Xayah,46,46,15,9.5,3.1,12.7,14,30.4,True
2024,Nocturne,20,20,41,4.1,8.5,12.7,8,40.0,True
2024,Nami,58,58,1,12.0,0.2,12.2,33,56.9,True
2024,Miss Fortune,36,36,20,7.5,4.1,11.6,15,41.7,True
2024,Lulu,31,31,25,6.4,5.2,11.6,13,41.9,True
2024,Lillia,28,28,25,5.8,5.2,11.0,13,46.4,True
2024,Jhin,39,39,14,8.1,2.9,11.0,19,48.7,True
2024,Kennen,36,36,16,7.5,3.3,10.8,15,41.7,True
2024,Caitlyn,20,20,29,4.1,6.0,10.2,11,55.0,True
2024,Tahm Kench,39,39,9,8.1,1.9,10.0,24,61.5,True
2024,Aphelios,35,35,9,7.3,1.9,9.1,16,45.7,True
2024,Neeko,20,20,17,4.1,3.5,7.7,15,75.0,True
2024,Akali,19,19,16,3.9,3.3,7.3,8,42.1,True
2024,Ornn,26,26,6,5.4,1.2,6.6,17,65.4,True
2024,Aurora,13,13,18,2.7,3.7,6.4,8,61.5,True
2024,Rek'Sai,14,14,14,2.9,2.9,5.8,6,42.9,True
2024,Camille,18,18,10,3.7,2.1,5.8,9,50.0,True
2024,Draven,17,17,10,3.5,2.1,5.6,6,35.3,True
2024,Brand,16,16,11,3.3,2.3,5.6,6,37.5,True
2024,Jinx,17,17,10,3.5,2.1,5.6,7,41.2,True
2024,Nasus,9,9,14,1.9,2.9,4.8,4,44.4,False
2024,Aurelion Sol,18,18,3,3.7,0.6,4.4,8,44.4,True
2024,Yasuo,6,6,14,1.2,2.9,4.1,3,50.0,False
2024,Bard,12,12,7,2.5,1.5,3.9,7,58.3,True
2024,Seraphine,17,17,2,3.5,0.4,3.9,5,29.4,True
2024,Gwen,16,16,2,3.3,0.4,3.7,6,37.5,True
2024,Gangplank,12,12,5,2.5,1.0,3.5,9,75.0,True
2024,Jarvan IV,8,8,9,1.7,1.9,3.5,3,37.5,False
2024,Wukong,7,7,8,1.5,1.7,3.1,3,42.9,False
2024,Blitzcrank,9,9,5,1.9,1.0,2.9,8,88.9,False
2024,Nilah,6,6,6,1.2,1.2,2.5,2,33.3,False
2024,Vayne,5,5,7,1.0,1.5,2.5,3,60.0,False
2024,Zac,10,10,1,2.1,0.2,2.3,4,40.0,True
2024,Gragas,8,8,2,1.7,0.4,2.1,5,62.5,False
2024,Olaf,6,6,4,1.2,0.8,2.1,4,66.7,False
2024,Sylas,7,7,3,1.5,0.6,2.1,5,71.4,False
2024,Pyke,6,6,4,1.2,0.8,2.1,1,16.7,False
2024,Syndra,8,8,2,1.7,0.4,2.1,6,75.0,False
2024,Mordekaiser,5,5,4,1.0,0.8,1.9,2,40.0,False
2024,Annie,9,9,0,1.9,0.0,1.9,3,33.3,False
2024,Malphite,6,6,1,1.2,0.2,1.5,2,33.3,False
2024,Volibear,6,6,1,1.2,0.2,1.5,1,16.7,False
2024,Thresh,6,6,1,1.2,0.2,1.5,2,33.3,False
2024,Shyvana,7,7,0,1.5,0.0,1.5,1,14.3,False
2024,Veigar,4,4,2,0.8,0.4,1.2,2,50.0,False
2024,Yuumi,5,5,1,1.0,0.2,1.2,1,20.0,False
2024,Karthus,3,3,3,0.6,0.6,1.2,3,100.0,False
2024,Trundle,3,3,2,0.6,0.4,1.0,1,33.3,False
2024,Sivir,3,3,2,0.6,0.4,1.0,0,0.0,False
2024,Darius,4,4,1,0.8,0.2,1.0,2,50.0,False
2024,Irelia,2,2,3,0.4,0.6,1.0,0,0.0,False
2024,Diana,2,2,2,0.4,0.4,0.8,1,50.0,False
2024,Garen,4,4,0,0.8,0.0,0.8,2,50.0,False
2024,Graves,4,4,0,0.8,0.0,0.8,0,0.0,False
2024,Kassadin,2,2,2,0.4,0.4,0.8,2,100.0,False
2024,Morgana,3,3,1,0.6,0.2,0.8,2,66.7,False
2024,Kha'Zix,3,3,1,0.6,0.2,0.8,2,66.7,False
2024,Lux,3,3,0,0.6,0.0,0.6,3,100.0,False
2024,Kindred,2,2,1,0.4,0.2,0.6,1,50.0,False
2024,Quinn,3,3,0,0.6,0.0,0.6,1,33.3,False
2024,Sion,3,3,0,0.6,0.0,0.6,1,33.3,False
2024,Shen,2,2,0,0.4,0.0,0.4,0,0.0,False
2024,Urgot,2,2,0,0.4,0.0,0.4,0,0.0,False
2024,Rammus,2,2,0,0.4,0.0,0.4,2,100.0,False
2024,Ryze,2,2,0,0.4,0.0,0.4,1,50.0,False
2024,Fiddlesticks,2,2,0,0.4,0.0,0.4,2,100.0,False
2024,Tryndamere,1,1,1,0.2,0.2,0.4,1,100.0,False
2024,Soraka,1,1,0,0.2,0.0,0.2,1,100.0,False
2024,Zilean,1,1,0,0.2,0.0,0.2,0,0.0,False
2024,Lissandra,1,1,0,0.2,0.0,0.2,0,0.0,False
2024,Bel'Veth,1,1,0,0.2,0.0,0.2,0,0.0,False
2024,Vladimir,1,1,0,0.2,0.0,0.2,1,100.0,False
2024,Kog'Maw,1,1,0,0.2,0.0,0.2,0,0.0,False
2024,Naafiri,1,1,0,0.2,0.0,0.2,1,100.0,False
2024,Samira,1,1,0,0.2,0.0,0.2,1,100.0,False
2024,Sona,1,1,0,0.2,0.0,0.2,0,0.0,False
2024,Taric,1,1,0,0.2,0.0,0.2,1,100.0,False
2025,Vi,83,83,302,15.0,54.4,69.4,39,47.0,True
2025,Azir,121,121,256,21.8,46.1,67.9,62,51.2,True
2025,Varus,107,107,242,19.3,43.6,62.9,49,45.8,True
2025,Poppy,100,100,218,18.0,39.3,57.3,60,60.0,True
2025,Kalista,49,49,264,8.8,47.6,56.4,28,57.1,True
2025,Taliyah,131,131,172,23.6,31.0,54.6,77,58.8,True
2025,Alistar,132,132,167,23.8,30.1,53.9,66,50.0,True
2025,Rumble,165,165,130,29.7,23.4,53.2,84,50.9,True
2025,Pantheon,90,90,186,16.2,33.5,49.7,47,52.2,True
2025,Gwen,110,110,164,19.8,29.5,49.4,62,56.4,True
2025,Rakan,120,120,140,21.6,25.2,46.8,66,55.0,True
2025,Yone,72,72,184,13.0,33.2,46.1,36,50.0,True
2025,Xin Zhao,174,174,73,31.4,13.2,44.5,97,55.7,True
2025,Ambessa,138,138,82,24.9,14.8,39.6,54,39.1,True
2025,Wukong,132,132,76,23.8,13.7,37.5,72,54.5,True
2025,Aurora,105,105,101,18.9,18.2,37.1,53,50.5,True
2025,Jayce,110,110,96,19.8,17.3,37.1,54,49.1,True
2025,Kai'Sa,102,102,103,18.4,18.6,36.9,57,55.9,True
2025,Neeko,84,84,119,15.1,21.4,36.6,41,48.8,True
2025,Ezreal,113,113,89,20.4,16.0,36.4,54,47.8,True
2025,Skarner,71,71,127,12.8,22.9,35.7,30,42.3,True
2025,Nautilus,98,98,80,17.7,14.4,32.1,44,44.9,True
2025,Braum,98,98,78,17.7,14.1,31.7,48,49.0,True
2025,Rell,131,131,39,23.6,7.0,30.6,69,52.7,True
2025,Xayah,75,75,90,13.5,16.2,29.7,45,60.0,True
2025,Corki,116,116,46,20.9,8.3,29.2,49,42.2,True
2025,Sejuani,85,85,76,15.3,13.7,29.0,36,42.4,True
2025,Ahri,119,119,30,21.4,5.4,26.8,55,46.2,True
2025,Jhin,107,107,40,19.3,7.2,26.5,56,52.3,True
2025,Miss Fortune,83,83,53,15.0,9.5,24.5,37,44.6,True
2025,Trundle,68,68,65,12.3,11.7,24.0,26,38.2,True
2025,Lucian,77,77,56,13.9,10.1,24.0,34,44.2,True
2025,Sion,87,87,45,15.7,8.1,23.8,41,47.1,True
2025,Ryze,102,102,29,18.4,5.2,23.6,58,56.9,True
2025,Nocturne,48,48,83,8.6,15.0,23.6,22,45.8,True
2025,Leona,95,95,35,17.1,6.3,23.4,44,46.3,True
2025,Galio,85,85,44,15.3,7.9,23.2,44,51.8,True
2025,Viktor,81,81,46,14.6,8.3,22.9,34,42.0,True
2025,K'Sante,76,76,47,13.7,8.5,22.2,32,42.1,True
2025,Yunara,24,24,97,4.3,17.5,21.8,13,54.2,True
2025,Orianna,68,68,52,12.3,9.4,21.6,34,50.0,True
2025,Ashe,54,54,62,9.7,11.2,20.9,31,57.4,True
2025,Renekton,59,59,57,10.6,10.3,20.9,40,67.8,True
2025,Naafiri,61,61,52,11.0,9.4,20.4,26,42.6,True
2025,Sivir,59,59,46,10.6,8.3,18.9,29,49.2,True
2025,Annie,60,60,42,10.8,7.6,18.4,32,53.3,True
2025,Jax,56,56,40,10.1,7.2,17.3,30,53.6,True
2025,Nidalee,48,48,48,8.6,8.6,17.3,34,70.8,True
2025,Bard,38,38,55,6.8,9.9,16.8,20,52.6,True
2025,Elise,40,40,52,7.2,9.4,16.6,19,47.5,True
2025,Renata Glasc,50,50,39,9.0,7.0,16.0,24,48.0,True
2025,Sylas,51,51,31,9.2,5.6,14.8,26,51.0,True
2025,Lulu,30,30,49,5.4,8.8,14.2,14,46.7,True
2025,Jarvan IV,53,53,20,9.5,3.6,13.2,32,60.4,True
2025,Yorick,49,49,22,8.8,4.0,12.8,20,40.8,True
2025,Maokai,42,42,27,7.6,4.9,12.4,21,50.0,True
2025,Ornn,37,37,32,6.7,5.8,12.4,18,48.6,True
2025,Gnar,39,39,25,7.0,4.5,11.5,19,48.7,True
2025,Zeri,48,48,14,8.6,2.5,11.2,24,50.0,True
2025,Aatrox,46,46,16,8.3,2.9,11.2,22,47.8,True
2025,Lillia,30,30,31,5.4,5.6,11.0,15,50.0,True
2025,Senna,31,31,29,5.6,5.2,10.8,15,48.4,True
2025,Lee Sin,28,28,27,5.0,4.9,9.9,15,53.6,True
2025,Caitlyn,22,22,30,4.0,5.4,9.4,13,59.1,True
2025,Zyra,16,16,33,2.9,5.9,8.8,5,31.2,True
2025,Ziggs,28,28,21,5.0,3.8,8.8,14,50.0,True
2025,Viego,35,35,12,6.3,2.2,8.5,16,45.7,True
2025,Karma,23,23,20,4.1,3.6,7.7,10,43.5,True
2025,Akali,21,21,20,3.8,3.6,7.4,7,33.3,True
2025,Camille,27,27,13,4.9,2.3,7.2,20,74.1,True
2025,Shen,13,13,24,2.3,4.3,6.7,5,38.5,True
2025,Jinx,24,24,11,4.3,2.0,6.3,12,50.0,True
2025,Gragas,19,19,6,3.4,1.1,4.5,9,47.4,True
2025,Twisted Fate,14,14,11,2.5,2.0,4.5,7,50.0,True
2025,Cassiopeia,17,17,6,3.1,1.1,4.1,8,47.1,True
2025,Blitzcrank,17,17,5,3.1,0.9,4.0,11,64.7,True
2025,Tristana,15,15,6,2.7,1.1,3.8,8,53.3,True
2025,Zed,11,11,10,2.0,1.8,3.8,8,72.7,True
2025,Smolder,13,13,6,2.3,1.1,3.4,7,53.8,True
2025,LeBlanc,6,6,12,1.1,2.2,3.2,3,50.0,False
2025,Hwei,12,12,5,2.2,0.9,3.1,2,16.7,True
2025,Tahm Kench,10,10,7,1.8,1.3,3.1,5,50.0,True
2025,Mel,5,5,9,0.9,1.6,2.5,0,0.0,False
2025,Ivern,6,6,5,1.1,0.9,2.0,4,66.7,False
2025,Aphelios,9,9,1,1.6,0.2,1.8,2,22.2,False
2025,Cho'Gath,9,9,1,1.6,0.2,1.8,4,44.4,False
2025,Anivia,6,6,3,1.1,0.5,1.6,3,50.0,False
2025,Kennen,8,8,1,1.4,0.2,1.6,5,62.5,False
2025,Gangplank,7,7,2,1.3,0.4,1.6,4,57.1,False
2025,Kindred,6,6,3,1.1,0.5,1.6,2,33.3,False
2025,Pyke,5,5,4,0.9,0.7,1.6,3,60.0,False
2025,Draven,6,6,2,1.1,0.4,1.4,3,50.0,False
2025,Olaf,5,5,3,0.9,0.5,1.4,4,80.0,False
2025,Qiyana,5,5,3,0.9,0.5,1.4,0,0.0,False
2025,Zoe,6,6,2,1.1,0.4,1.4,4,66.7,False
2025,Syndra,5,5,2,0.9,0.4,1.3,3,60.0,False
2025,Sett,4,4,2,0.7,0.4,1.1,4,100.0,False
2025,Thresh,4,4,2,0.7,0.4,1.1,1,25.0,False
2025,Morgana,5,5,1,0.9,0.2,1.1,2,40.0,False
2025,Nami,6,6,0,1.1,0.0,1.1,0,0.0,False
2025,Milio,4,4,0,0.7,0.0,0.7,0,0.0,False
2025,Diana,2,2,1,0.4,0.2,0.5,0,0.0,False
2025,Zilean,2,2,1,0.4,0.2,0.5,1,50.0,False
2025,Lissandra,1,1,2,0.2,0.4,0.5,1,100.0,False
2025,Taric,3,3,0,0.5,0.0,0.5,1,33.3,False
2025,Fiora,3,3,0,0.5,0.0,0.5,2,66.7,False
2025,Swain,2,2,0,0.4,0.0,0.4,0,0.0,False
2025,Twitch,1,1,1,0.2,0.2,0.4,0,0.0,False
2025,Yuumi,2,2,0,0.4,0.0,0.4,1,50.0,False
2025,Yasuo,2,2,0,0.4,0.0,0.4,0,0.0,False
2025,Janna,2,2,0,0.4,0.0,0.4,1,50.0,False
2025,Soraka,2,2,0,0.4,0.0,0.4,1,50.0,False
2025,Karthus,2,2,0,0.4,0.0,0.4,2,100.0,False
2025,Brand,1,1,1,0.2,0.2,0.4,0,0.0,False
2025,Fiddlesticks,2,2,0,0.4,0.0,0.4,2,100.0,False
2025,Xerath,2,2,0,0.4,0.0,0.4,0,0.0,False
2025,Nilah,1,1,1,0.2,0.2,0.4,0,0.0,False
2025,Tryndamere,2,2,0,0.4,0.0,0.4,1,50.0,False
2025,Rek'Sai,2,2,0,0.4,0.0,0.4,1,50.0,False
2025,Vex,2,2,0,0.4,0.0,0.4,1,50.0,False
2025,Vayne,2,2,0,0.4,0.0,0.4,0,0.0,False
2025,Hecarim,1,1,0,0.2,0.0,0.2,1,100.0,False
2025,Lux,1,1,0,0.2,0.0,0.2,1,100.0,False
2025,Veigar,1,1,0,0.2,0.0,0.2,1,100.0,False
2025,Urgot,1,1,0,0.2,0.0,0.2,0,0.0,False
2025,Rammus,1,1,0,0.2,0.0,0.2,0,0.0,False
2025,Zac,1,1,0,0.2,0.0,0.2,1,100.0,False
2025,Vladimir,1,1,0,0.2,0.0,0.2,1,100.0,False
2025,Kog'Maw,1,1,0,0.2,0.0,0.2,0,0.0,False
2025,Mordekaiser,1,1,0,0.2,0.0,0.2,0,0.0,False
2025,Amumu,1,1,0,0.2,0.0,0.2,1,100.0,False
2025,Udyr,1,1,0,0.2,0.0,0.2,0,0.0,False
2025,Kled,1,1,0,0.2,0.0,0.2,0,0.0,False
2025,Seraphine,1,1,0,0.2,0.0,0.2,0,0.0,False
2025,Malzahar,1,1,0,0.2,0.0,0.2,0,0.0,False
2025,Aurelion Sol,1,1,0,0.2,0.0,0.2,0,0.0,False
2025,Irelia,1,1,0,0.2,0.0,0.2,0,0.0,False
2025,Talon,1,1,0,0.2,0.0,0.2,1,100.0,False
2026,Varus,33,33,264,9.5,75.6,85.1,15,45.5,True
2026,Rumble,57,57,219,16.3,62.8,79.1,28,49.1,True
2026,Orianna,55,55,214,15.8,61.3,77.1,28,50.9,True
2026,Bard,69,69,142,19.8,40.7,60.5,40,58.0,True
2026,Jayce,70,70,134,20.1,38.4,58.5,32,45.7,True
2026,Karma,58,58,142,16.6,40.7,57.3,33,56.9,True
2026,Jarvan IV,107,107,84,30.7,24.1,54.7,58,54.2,True
2026,Pantheon,91,91,83,26.1,23.8,49.9,42,46.2,True
2026,Nocturne,52,52,120,14.9,34.4,49.3,25,48.1,True
2026,Nautilus,61,61,109,17.5,31.2,48.7,25,41.0,True
2026,Ryze,103,103,61,29.5,17.5,47.0,56,54.4,True
2026,Vi,74,74,87,21.2,24.9,46.1,39,52.7,True
2026,Xin Zhao,110,110,49,31.5,14.0,45.6,52,47.3,True
2026,Azir,66,66,90,18.9,25.8,44.7,31,47.0,True
2026,Ezreal,90,90,60,25.8,17.2,43.0,34,37.8,True
2026,Yunara,90,90,53,25.8,15.2,41.0,43,47.8,True
2026,Neeko,69,69,72,19.8,20.6,40.4,35,50.7,True
2026,Ambessa,72,72,55,20.6,15.8,36.4,30,41.7,True
2026,Lucian,60,60,66,17.2,18.9,36.1,29,48.3,True
2026,Ashe,60,60,65,17.2,18.6,35.8,35,58.3,True
2026,Gnar,82,82,40,23.5,11.5,35.0,50,61.0,True
2026,Lulu,69,69,50,19.8,14.3,34.1,31,44.9,True
2026,Caitlyn,50,50,57,14.3,16.3,30.7,26,52.0,True
2026,Renekton,74,74,30,21.2,8.6,29.8,32,43.2,True
2026,Aurora,68,68,35,19.5,10.0,29.5,27,39.7,True
2026,Cassiopeia,33,33,68,9.5,19.5,28.9,17,51.5,True
2026,Lee Sin,49,49,50,14.0,14.3,28.4,28,57.1,True
2026,Sion,73,73,24,20.9,6.9,27.8,34,46.6,True
2026,K'Sante,65,65,31,18.6,8.9,27.5,29,44.6,True
2026,Akali,32,32,61,9.2,17.5,26.6,13,40.6,True
2026,Annie,55,55,35,15.8,10.0,25.8,32,58.2,True
2026,Anivia,49,49,37,14.0,10.6,24.6,23,46.9,True
2026,Jhin,69,69,16,19.8,4.6,24.4,37,53.6,True
2026,Wukong,56,56,26,16.0,7.4,23.5,28,50.0,True
2026,Corki,53,53,24,15.2,6.9,22.1,24,45.3,True
2026,Sivir,39,39,34,11.2,9.7,20.9,24,61.5,True
2026,Malphite,6,6,64,1.7,18.3,20.1,1,16.7,False
2026,Seraphine,59,59,10,16.9,2.9,19.8,32,54.2,True
2026,Nami,34,34,33,9.7,9.5,19.2,15,44.1,True
2026,Ahri,43,43,22,12.3,6.3,18.6,27,62.8,True
2026,Taliyah,55,55,8,15.8,2.3,18.1,21,38.2,True
2026,Gwen,26,26,36,7.4,10.3,17.8,16,61.5,True
2026,Poppy,20,20,40,5.7,11.5,17.2,8,40.0,True
2026,Yorick,34,34,24,9.7,6.9,16.6,16,47.1,True
2026,Twisted Fate,25,25,30,7.2,8.6,15.8,13,52.0,True
2026,Alistar,36,36,19,10.3,5.4,15.8,16,44.4,True
2026,Rakan,37,37,13,10.6,3.7,14.3,22,59.5,True
2026,Vayne,15,15,35,4.3,10.0,14.3,11,73.3,True
2026,Trundle,25,25,24,7.2,6.9,14.0,17,68.0,True
2026,Ziggs,26,26,21,7.4,6.0,13.5,14,53.8,True
2026,Naafiri,29,29,16,8.3,4.6,12.9,14,48.3,True
2026,Milio,41,41,1,11.7,0.3,12.0,21,51.2,True
2026,Mel,25,25,16,7.2,4.6,11.7,13,52.0,True
2026,Miss Fortune,28,28,12,8.0,3.4,11.5,13,46.4,True
2026,Zaahen,33,33,6,9.5,1.7,11.2,21,63.6,True
2026,Aphelios,24,24,15,6.9,4.3,11.2,13,54.2,True
2026,Viktor,28,28,10,8.0,2.9,10.9,11,39.3,True
2026,Galio,24,24,13,6.9,3.7,10.6,14,58.3,True
2026,Kennen,16,16,19,4.6,5.4,10.0,8,50.0,True
2026,Yone,19,19,14,5.4,4.0,9.5,10,52.6,True
2026,Kalista,20,20,12,5.7,3.4,9.2,9,45.0,True
2026,Leona,17,17,15,4.9,4.3,9.2,7,41.2,True
2026,LeBlanc,9,9,21,2.6,6.0,8.6,3,33.3,False
2026,Sylas,18,18,12,5.2,3.4,8.6,9,50.0,True
2026,Jax,16,16,12,4.6,3.4,8.0,8,50.0,True
2026,Rell,21,21,7,6.0,2.0,8.0,8,38.1,True
2026,Renata Glasc,20,20,7,5.7,2.0,7.7,8,40.0,True
2026,Xayah,19,19,6,5.4,1.7,7.2,11,57.9,True
2026,Rek'Sai,18,18,6,5.2,1.7,6.9,9,50.0,True
2026,Kai'Sa,14,14,10,4.0,2.9,6.9,9,64.3,True
2026,Skarner,16,16,7,4.6,2.0,6.6,10,62.5,True
2026,Braum,15,15,7,4.3,2.0,6.3,6,40.0,True
2026,Pyke,10,10,11,2.9,3.2,6.0,5,50.0,True
2026,Zoe,11,11,10,3.2,2.9,6.0,8,72.7,True
2026,Syndra,12,12,6,3.4,1.7,5.2,5,41.7,True
2026,Dr. Mundo,11,11,7,3.2,2.0,5.2,6,54.5,True
2026,Aatrox,16,16,1,4.6,0.3,4.9,5,31.2,True
2026,Thresh,13,13,2,3.7,0.6,4.3,7,53.8,True
2026,Yuumi,7,7,7,2.0,2.0,4.0,4,57.1,False
2026,Elise,8,8,5,2.3,1.4,3.7,4,50.0,False
2026,Olaf,8,8,2,2.3,0.6,2.9,7,87.5,False
2026,Blitzcrank,4,4,6,1.1,1.7,2.9,3,75.0,False
2026,Ornn,8,8,2,2.3,0.6,2.9,4,50.0,False
2026,Lux,9,9,0,2.6,0.0,2.6,7,77.8,False
2026,Shen,8,8,1,2.3,0.3,2.6,6,75.0,False
2026,Zeri,5,5,4,1.4,1.1,2.6,2,40.0,False
2026,Senna,6,6,2,1.7,0.6,2.3,3,50.0,False
2026,Maokai,8,8,0,2.3,0.0,2.3,6,75.0,False
2026,Sejuani,7,7,1,2.0,0.3,2.3,1,14.3,False
2026,Qiyana,3,3,5,0.9,1.4,2.3,0,0.0,False
2026,Hwei,5,5,2,1.4,0.6,2.0,3,60.0,False
2026,Camille,7,7,0,2.0,0.0,2.0,5,71.4,False
2026,Lissandra,5,5,1,1.4,0.3,1.7,4,80.0,False
2026,Kog'Maw,5,5,1,1.4,0.3,1.7,3,60.0,False
2026,Tristana,5,5,1,1.4,0.3,1.7,2,40.0,False
2026,Gragas,4,4,0,1.1,0.0,1.1,1,25.0,False
2026,Jinx,4,4,0,1.1,0.0,1.1,2,50.0,False
2026,Kha'Zix,3,3,1,0.9,0.3,1.1,2,66.7,False
2026,Tahm Kench,3,3,0,0.9,0.0,0.9,0,0.0,False
2026,Illaoi,2,2,1,0.6,0.3,0.9,2,100.0,False
2026,Nidalee,3,3,0,0.9,0.0,0.9,2,66.7,False
2026,Soraka,2,2,0,0.6,0.0,0.6,1,50.0,False
2026,Draven,1,1,0,0.3,0.0,0.3,0,0.0,False
2026,Hecarim,1,1,0,0.3,0.0,0.3,0,0.0,False
2026,Zyra,1,1,0,0.3,0.0,0.3,0,0.0,False
2026,Yasuo,0,0,1,0.0,0.3,0.3,0,,False
2026,Lillia,1,1,0,0.3,0.0,0.3,1,100.0,False
2026,Rammus,1,1,0,0.3,0.0,0.3,0,0.0,False
2026,Smolder,1,1,0,0.3,0.0,0.3,0,0.0,False
2026,Zac,1,1,0,0.3,0.0,0.3,1,100.0,False
2026,Gangplank,1,1,0,0.3,0.0,0.3,1,100.0,False
2026,Sona,1,1,0,0.3,0.0,0.3,1,100.0,False
2026,Malzahar,1,1,0,0.3,0.0,0.3,0,0.0,False
2026,Morgana,1,1,0,0.3,0.0,0.3,1,100.0,False
2026,Aurelion Sol,1,1,0,0.3,0.0,0.3,0,0.0,False
2026,Ekko,1,1,0,0.3,0.0,0.3,1,100.0,False
2026,Irelia,1,1,0,0.3,0.0,0.3,0,0.0,False
